"""Elite"", ""1337"", ""https://chainz.cryptoid.info/1337/api.dws?key=72a06c093a4f&q=multiaddr&n=0&active="", ""final_balance"", ""100000000"", ""1337"", ""1337"""
"""2Give"", ""2GIVE"", ""https://chainz.cryptoid.info/2give/api.dws?key=72a06c093a4f&q=multiaddr&n=0&active="", ""final_balance"", ""100000000"", ""2give"", ""2give"""
"""42-coin"", ""42"", ""https://chainz.cryptoid.info/42/api.dws?key=72a06c093a4f&q=multiaddr&n=0&active="", ""final_balance"", ""100000000"", ""42"", ""42"""
"""8Bit"", ""8BIT"", ""https://chainz.cryptoid.info/8bit/api.dws?key=72a06c093a4f&q=multiaddr&n=0&active="", ""final_balance"", ""100000000"", ""8bit"", ""8bit"""
"""AsiaCoin"", ""AC"", ""https://chainz.cryptoid.info/ac/api.dws?key=72a06c093a4f&q=multiaddr&n=0&active="", ""final_balance"", ""100000000"", ""ac"", ""ac"""
"""AudioCoin"", ""ADC"", ""https://chainz.cryptoid.info/adc/api.dws?key=72a06c093a4f&q=multiaddr&n=0&active="", ""final_balance"", ""100000000"", ""adc"", ""adc"""
"""Aegeus"", ""AEG"", ""https://chainz.cryptoid.info/aeg/api.dws?key=72a06c093a4f&q=multiaddr&n=0&active="", ""final_balance"", ""100000000"", ""aeg"", ""aeg"""
"""Aias"", ""AIAS"", ""https://chainz.cryptoid.info/aias/api.dws?key=72a06c093a4f&q=multiaddr&n=0&active="", ""final_balance"", ""100000000"", ""aias"", ""aias"""
"""AnonCoin"", ""ANC"", ""https://chainz.cryptoid.info/anc/api.dws?key=72a06c093a4f&q=multiaddr&n=0&active="", ""final_balance"", ""100000000"", ""anc"", ""anc"""
"""AquariusCoin"", ""ARCO"", ""https://chainz.cryptoid.info/arco/api.dws?key=72a06c093a4f&q=multiaddr&n=0&active="", ""final_balance"", ""100000000"", ""arco"", ""arco"""
"""Arepacoin"", ""AREPA"", ""https://chainz.cryptoid.info/arepa/api.dws?key=72a06c093a4f&q=multiaddr&n=0&active="", ""final_balance"", ""100000000"", ""arepa"", ""arepa"""
"""Argentum"", ""ARG"", ""https://chainz.cryptoid.info/arg/api.dws?key=72a06c093a4f&q=multiaddr&n=0&active="", ""final_balance"", ""100000000"", ""arg"", ""arg"""
"""ASTRACOIN"", ""ASTRA"", ""https://chainz.cryptoid.info/astra/api.dws?key=72a06c093a4f&q=multiaddr&n=0&active="", ""final_balance"", ""100000000"", ""astra"", ""astra"""
"""Atmos"", ""ATMS"", ""https://chainz.cryptoid.info/atms/api.dws?key=72a06c093a4f&q=multiaddr&n=0&active="", ""final_balance"", ""100000000"", ""atms"", ""atms"""
"""B3Coin"", ""B3"", ""https://chainz.cryptoid.info/b3/api.dws?key=72a06c093a4f&q=multiaddr&n=0&active="", ""final_balance"", ""100000000"", ""b3"", ""b3"""
"""Luckchain"", ""BASH"", ""https://chainz.cryptoid.info/bash/api.dws?key=72a06c093a4f&q=multiaddr&n=0&active="", ""final_balance"", ""100000000"", ""bash"", ""bash"""
"""BitBay"", ""BAY"", ""https://chainz.cryptoid.info/bay/api.dws?key=72a06c093a4f&q=multiaddr&n=0&active="", ""final_balance"", ""100000000"", ""bay"", ""bay"""
"""BlakeBitcoin"", ""BBTC"", ""https://chainz.cryptoid.info/bbtc/api.dws?key=72a06c093a4f&q=multiaddr&n=0&active="", ""final_balance"", ""100000000"", ""bbtc"", ""bbtc"""
"""BitCurrency"", ""BC"", ""https://chainz.cryptoid.info/bc/api.dws?key=72a06c093a4f&q=multiaddr&n=0&active="", ""final_balance"", ""100000000"", ""bc"", ""bc"""
"""BitConnect Coin"", ""BCC"", ""https://chainz.cryptoid.info/bcc/api.dws?key=72a06c093a4f&q=multiaddr&n=0&active="", ""final_balance"", ""100000000"", ""bcc"", ""bcc"""
"""BCCA"", ""BCCA"", ""https://chainz.cryptoid.info/bcca/api.dws?key=72a06c093a4f&q=multiaddr&n=0&active="", ""final_balance"", ""100000000"", ""bcca"", ""bcca"""
"""Bean Cash"", ""BEAN"", ""https://chainz.cryptoid.info/bean/api.dws?key=72a06c093a4f&q=multiaddr&n=0&active="", ""final_balance"", ""100000000"", ""bean"", ""bean"""
"""Biidcoin"", ""BIID"", ""https://chainz.cryptoid.info/biid/api.dws?key=72a06c093a4f&q=multiaddr&n=0&active="", ""final_balance"", ""100000000"", ""biid"", ""biid"""
"""Blakecoin"", ""BLC"", ""https://chainz.cryptoid.info/blc/api.dws?key=72a06c093a4f&q=multiaddr&n=0&active="", ""final_balance"", ""100000000"", ""blc"", ""blc"""
"""Blitzcash"", ""BLITZ"", ""https://chainz.cryptoid.info/blitz/api.dws?key=72a06c093a4f&q=multiaddr&n=0&active="", ""final_balance"", ""100000000"", ""blitz"", ""blitz"""
"""BlackCoin"", ""BLK"", ""https://chainz.cryptoid.info/blk/api.dws?key=72a06c093a4f&q=multiaddr&n=0&active="", ""final_balance"", ""100000000"", ""blk"", ""blk"""
"""Blocknet"", ""BLOCK"", ""https://chainz.cryptoid.info/block/api.dws?key=72a06c093a4f&q=multiaddr&n=0&active="", ""final_balance"", ""100000000"", ""block"", ""block"""
"""Bluecoin"", ""BLU"", ""https://chainz.cryptoid.info/blu/api.dws?key=72a06c093a4f&q=multiaddr&n=0&active="", ""final_balance"", ""100000000"", ""blu"", ""blu"""
"""BolivarCoin"", ""BOLI"", ""https://chainz.cryptoid.info/boli/api.dws?key=72a06c093a4f&q=multiaddr&n=0&active="", ""final_balance"", ""100000000"", ""boli"", ""boli"""
"""Bitradio"", ""BRO"", ""https://chainz.cryptoid.info/bro/api.dws?key=72a06c093a4f&q=multiaddr&n=0&active="", ""final_balance"", ""100000000"", ""bro"", ""bro"""
"""BitSend"", ""BSD"", ""https://chainz.cryptoid.info/bsd/api.dws?key=72a06c093a4f&q=multiaddr&n=0&active="", ""final_balance"", ""100000000"", ""bsd"", ""bsd"""
"""Bitspace"", ""BSX"", ""https://chainz.cryptoid.info/bsx/api.dws?key=72a06c093a4f&q=multiaddr&n=0&active="", ""final_balance"", ""100000000"", ""bsx"", ""bsx"""
"""BATA"", ""BTA"", ""https://chainz.cryptoid.info/bta/api.dws?key=72a06c093a4f&q=multiaddr&n=0&active="", ""final_balance"", ""100000000"", ""bta"", ""bta"""
"""BitCloud"", ""BTDX"", ""https://chainz.cryptoid.info/btdx/api.dws?key=72a06c093a4f&q=multiaddr&n=0&active="", ""final_balance"", ""100000000"", ""btdx"", ""btdx"""
"""BitGem"", ""BTG"", ""https://chainz.cryptoid.info/btg/api.dws?key=72a06c093a4f&q=multiaddr&n=0&active="", ""final_balance"", ""100000000"", ""btg"", ""btg"""
"""Bitmark"", ""BTM"", ""https://chainz.cryptoid.info/btm/api.dws?key=72a06c093a4f&q=multiaddr&n=0&active="", ""final_balance"", ""100000000"", ""btm"", ""btm"""
"""BitCore"", ""BTX"", ""https://chainz.cryptoid.info/btx/api.dws?key=72a06c093a4f&q=multiaddr&n=0&active="", ""final_balance"", ""100000000"", ""btx"", ""btx"""
"""Bitcoin W Spectrum"", ""BWS"", ""https://chainz.cryptoid.info/bws/api.dws?key=72a06c093a4f&q=multiaddr&n=0&active="", ""final_balance"", ""100000000"", ""bws"", ""bws"""
"""Bitcoin W Spectrum OLD"", ""BWS-OLD"", ""https://chainz.cryptoid.info/bws-old/api.dws?key=72a06c093a4f&q=multiaddr&n=0&active="", ""final_balance"", ""100000000"", ""bws-old"", ""bws-old"""
"""BitToken"", ""BXT"", ""https://chainz.cryptoid.info/bxt/api.dws?key=72a06c093a4f&q=multiaddr&n=0&active="", ""final_balance"", ""100000000"", ""bxt"", ""bxt"""
"""Bytecent"", ""BYC"", ""https://chainz.cryptoid.info/byc/api.dws?key=72a06c093a4f&q=multiaddr&n=0&active="", ""final_balance"", ""100000000"", ""byc"", ""byc"""
"""BZLCoin"", ""BZL"", ""https://chainz.cryptoid.info/bzl/api.dws?key=72a06c093a4f&q=multiaddr&n=0&active="", ""final_balance"", ""100000000"", ""bzl"", ""bzl"""
"""bitcoinzero"", ""BZX"", ""https://chainz.cryptoid.info/bzx/api.dws?key=72a06c093a4f&q=multiaddr&n=0&active="", ""final_balance"", ""100000000"", ""bzx"", ""bzx"""
"""CACHeCoin"", ""CACH"", ""https://chainz.cryptoid.info/cach/api.dws?key=72a06c093a4f&q=multiaddr&n=0&active="", ""final_balance"", ""100000000"", ""cach"", ""cach"""
"""CannabisCoin"", ""CANN"", ""https://chainz.cryptoid.info/cann/api.dws?key=72a06c093a4f&q=multiaddr&n=0&active="", ""final_balance"", ""100000000"", ""cann"", ""cann"""
"""CarbonCoin"", ""CARBON"", ""https://chainz.cryptoid.info/carbon/api.dws?key=72a06c093a4f&q=multiaddr&n=0&active="", ""final_balance"", ""100000000"", ""carbon"", ""carbon"""
"""Bullion"", ""CBX"", ""https://chainz.cryptoid.info/cbx/api.dws?key=72a06c093a4f&q=multiaddr&n=0&active="", ""final_balance"", ""100000000"", ""cbx"", ""cbx"""
"""CannaCoin"", ""CCN"", ""https://chainz.cryptoid.info/ccn/api.dws?key=72a06c093a4f&q=multiaddr&n=0&active="", ""final_balance"", ""100000000"", ""ccn"", ""ccn"""
"""23 Skidoo"", ""CHAO"", ""https://chainz.cryptoid.info/chao/api.dws?key=72a06c093a4f&q=multiaddr&n=0&active="", ""final_balance"", ""100000000"", ""chao"", ""chao"""
"""CHBToken"", ""CHBT"", ""https://chainz.cryptoid.info/chbt/api.dws?key=72a06c093a4f&q=multiaddr&n=0&active="", ""final_balance"", ""100000000"", ""chbt"", ""chbt"""
"""Civitas"", ""CIV"", ""https://chainz.cryptoid.info/civ/api.dws?key=72a06c093a4f&q=multiaddr&n=0&active="", ""final_balance"", ""100000000"", ""civ"", ""civ"""
"""Civitas Testnet"", ""CIV-TEST"", ""https://chainz.cryptoid.info/civ-test/api.dws?key=72a06c093a4f&q=multiaddr&n=0&active="", ""final_balance"", ""100000000"", ""civ-test"", ""civ-test"""
"""CloakCoin"", ""CLOAK"", ""https://chainz.cryptoid.info/cloak/api.dws?key=72a06c093a4f&q=multiaddr&n=0&active="", ""final_balance"", ""100000000"", ""cloak"", ""cloak"""
"""ClubCoin"", ""CLUB"", ""https://chainz.cryptoid.info/club/api.dws?key=72a06c093a4f&q=multiaddr&n=0&active="", ""final_balance"", ""100000000"", ""club"", ""club"""
"""Commercium"", ""CMM"", ""https://chainz.cryptoid.info/cmm/api.dws?key=72a06c093a4f&q=multiaddr&n=0&active="", ""final_balance"", ""100000000"", ""cmm"", ""cmm"""
"""CHNCoin"", ""CNC"", ""https://chainz.cryptoid.info/cnc/api.dws?key=72a06c093a4f&q=multiaddr&n=0&active="", ""final_balance"", ""100000000"", ""cnc"", ""cnc"""
"""Coino"", ""CNO"", ""https://chainz.cryptoid.info/cno/api.dws?key=72a06c093a4f&q=multiaddr&n=0&active="", ""final_balance"", ""100000000"", ""cno"", ""cno"""
"""ColossusXT"", ""COLX"", ""https://chainz.cryptoid.info/colx/api.dws?key=72a06c093a4f&q=multiaddr&n=0&active="", ""final_balance"", ""100000000"", ""colx"", ""colx"""
"""Capricoin"", ""CPC"", ""https://chainz.cryptoid.info/cpc/api.dws?key=72a06c093a4f&q=multiaddr&n=0&active="", ""final_balance"", ""100000000"", ""cpc"", ""cpc"""
"""ConquestCoin"", ""CQST"", ""https://chainz.cryptoid.info/cqst/api.dws?key=72a06c093a4f&q=multiaddr&n=0&active="", ""final_balance"", ""100000000"", ""cqst"", ""cqst"""
"""CREA"", ""CREA"", ""https://chainz.cryptoid.info/crea/api.dws?key=72a06c093a4f&q=multiaddr&n=0&active="", ""final_balance"", ""100000000"", ""crea"", ""crea"""
"""CryptCoin"", ""CRYPT"", ""https://chainz.cryptoid.info/crypt/api.dws?key=72a06c093a4f&q=multiaddr&n=0&active="", ""final_balance"", ""100000000"", ""crypt"", ""crypt"""
"""CROWN"", ""CRW"", ""https://chainz.cryptoid.info/crw/api.dws?key=72a06c093a4f&q=multiaddr&n=0&active="", ""final_balance"", ""100000000"", ""crw"", ""crw"""
"""CureCoin"", ""CURE"", ""https://chainz.cryptoid.info/cure/api.dws?key=72a06c093a4f&q=multiaddr&n=0&active="", ""final_balance"", ""100000000"", ""cure"", ""cure"""
"""Dash"", ""DASH"", ""https://chainz.cryptoid.info/dash/api.dws?key=72a06c093a4f&q=multiaddr&n=0&active="", ""final_balance"", ""100000000"", ""dash"", ""dash"""
"""DigitalCashCoin"", ""DCASH"", ""https://chainz.cryptoid.info/dcash/api.dws?key=72a06c093a4f&q=multiaddr&n=0&active="", ""final_balance"", ""100000000"", ""dcash"", ""dcash"""
"""DeviantCoin"", ""DEV"", ""https://chainz.cryptoid.info/dev/api.dws?key=72a06c093a4f&q=multiaddr&n=0&active="", ""final_balance"", ""100000000"", ""dev"", ""dev"""
"""DigiByte"", ""DGB"", ""https://chainz.cryptoid.info/dgb/api.dws?key=72a06c093a4f&q=multiaddr&n=0&active="", ""final_balance"", ""100000000"", ""dgb"", ""dgb"""
"""DigitalCoin"", ""DGC"", ""https://chainz.cryptoid.info/dgc/api.dws?key=72a06c093a4f&q=multiaddr&n=0&active="", ""final_balance"", ""100000000"", ""dgc"", ""dgc"""
"""Dimecoin"", ""DIME"", ""https://chainz.cryptoid.info/dime/api.dws?key=72a06c093a4f&q=multiaddr&n=0&active="", ""final_balance"", ""100000000"", ""dime"", ""dime"""
"""Diamond"", ""DMD"", ""https://chainz.cryptoid.info/dmd/api.dws?key=72a06c093a4f&q=multiaddr&n=0&active="", ""final_balance"", ""100000000"", ""dmd"", ""dmd"""
"""Denarius"", ""D"", ""https://chainz.cryptoid.info/d/api.dws?key=72a06c093a4f&q=multiaddr&n=0&active="", ""final_balance"", ""100000000"", ""d"", ""d"""
"""Dollar Online"", ""DOLLAR"", ""https://chainz.cryptoid.info/dollar/api.dws?key=72a06c093a4f&q=multiaddr&n=0&active="", ""final_balance"", ""100000000"", ""dollar"", ""dollar"""
"""DopeCoin"", ""DOPE"", ""https://chainz.cryptoid.info/dope/api.dws?key=72a06c093a4f&q=multiaddr&n=0&active="", ""final_balance"", ""100000000"", ""dope"", ""dope"""
"""Dotcoin"", ""DOT"", ""https://chainz.cryptoid.info/dot/api.dws?key=72a06c093a4f&q=multiaddr&n=0&active="", ""final_balance"", ""100000000"", ""dot"", ""dot"""
"""Droidz"", ""DRZ"", ""https://chainz.cryptoid.info/drz/api.dws?key=72a06c093a4f&q=multiaddr&n=0&active="", ""final_balance"", ""100000000"", ""drz"", ""drz"""
"""Datacoin"", ""DTC"", ""https://chainz.cryptoid.info/dtc/api.dws?key=72a06c093a4f&q=multiaddr&n=0&active="", ""final_balance"", ""100000000"", ""dtc"", ""dtc"""
"""DevCoin"", ""DVC"", ""https://chainz.cryptoid.info/dvc/api.dws?key=72a06c093a4f&q=multiaddr&n=0&active="", ""final_balance"", ""100000000"", ""dvc"", ""dvc"""
"""EarthCoin"", ""EAC"", ""https://chainz.cryptoid.info/eac/api.dws?key=72a06c093a4f&q=multiaddr&n=0&active="", ""final_balance"", ""100000000"", ""eac"", ""eac"""
"""Eclipse"", ""EC"", ""https://chainz.cryptoid.info/ec/api.dws?key=72a06c093a4f&q=multiaddr&n=0&active="", ""final_balance"", ""100000000"", ""ec"", ""ec"""
"""ECC"", ""ECC"", ""https://chainz.cryptoid.info/ecc/api.dws?key=72a06c093a4f&q=multiaddr&n=0&active="", ""final_balance"", ""100000000"", ""ecc"", ""ecc"""
"""e-Gulden"", ""EFL"", ""https://chainz.cryptoid.info/efl/api.dws?key=72a06c093a4f&q=multiaddr&n=0&active="", ""final_balance"", ""100000000"", ""efl"", ""efl"""
"""EverGreenCoin"", ""EGC"", ""https://chainz.cryptoid.info/egc/api.dws?key=72a06c093a4f&q=multiaddr&n=0&active="", ""final_balance"", ""100000000"", ""egc"", ""egc"""
"""Electron"", ""ELT"", ""https://chainz.cryptoid.info/elt/api.dws?key=72a06c093a4f&q=multiaddr&n=0&active="", ""final_balance"", ""100000000"", ""elt"", ""elt"""
"""Einsteinium"", ""EMC2"", ""https://chainz.cryptoid.info/emc2/api.dws?key=72a06c093a4f&q=multiaddr&n=0&active="", ""final_balance"", ""100000000"", ""emc2"", ""emc2"""
"""Emerald"", ""EMD"", ""https://chainz.cryptoid.info/emd/api.dws?key=72a06c093a4f&q=multiaddr&n=0&active="", ""final_balance"", ""100000000"", ""emd"", ""emd"""
"""EnergyCoin"", ""ENRG"", ""https://chainz.cryptoid.info/enrg/api.dws?key=72a06c093a4f&q=multiaddr&n=0&active="", ""final_balance"", ""100000000"", ""enrg"", ""enrg"""
"""Eternity"", ""ENT"", ""https://chainz.cryptoid.info/ent/api.dws?key=72a06c093a4f&q=multiaddr&n=0&active="", ""final_balance"", ""100000000"", ""ent"", ""ent"""
"""EmergencyCoin"", ""ENY"", ""https://chainz.cryptoid.info/eny/api.dws?key=72a06c093a4f&q=multiaddr&n=0&active="", ""final_balance"", ""100000000"", ""eny"", ""eny"""
"""EquiTrader"", ""EQT"", ""https://chainz.cryptoid.info/eqt/api.dws?key=72a06c093a4f&q=multiaddr&n=0&active="", ""final_balance"", ""100000000"", ""eqt"", ""eqt"""
"""Europecoin"", ""ERC"", ""https://chainz.cryptoid.info/erc/api.dws?key=72a06c093a4f&q=multiaddr&n=0&active="", ""final_balance"", ""100000000"", ""erc"", ""erc"""
"""Eryllium"", ""ERY"", ""https://chainz.cryptoid.info/ery/api.dws?key=72a06c093a4f&q=multiaddr&n=0&active="", ""final_balance"", ""100000000"", ""ery"", ""ery"""
"""FailCoin"", ""FAIL"", ""https://chainz.cryptoid.info/fail/api.dws?key=72a06c093a4f&q=multiaddr&n=0&active="", ""final_balance"", ""100000000"", ""fail"", ""fail"""
"""Fujicoin"", ""FJC"", ""https://chainz.cryptoid.info/fjc/api.dws?key=72a06c093a4f&q=multiaddr&n=0&active="", ""final_balance"", ""100000000"", ""fjc"", ""fjc"""
"""Feathercoin"", ""FTC"", ""https://chainz.cryptoid.info/ftc/api.dws?key=72a06c093a4f&q=multiaddr&n=0&active="", ""final_balance"", ""100000000"", ""ftc"", ""ftc"""
"""Fuelcoin"", ""FUEL"", ""https://chainz.cryptoid.info/fuel/api.dws?key=72a06c093a4f&q=multiaddr&n=0&active="", ""final_balance"", ""100000000"", ""fuel"", ""fuel"""
"""The Cypherfunks"", ""FUNK"", ""https://chainz.cryptoid.info/funk/api.dws?key=72a06c093a4f&q=multiaddr&n=0&active="", ""final_balance"", ""100000000"", ""funk"", ""funk"""
"""GapCoin"", ""GAP"", ""https://chainz.cryptoid.info/gap/api.dws?key=72a06c093a4f&q=multiaddr&n=0&active="", ""final_balance"", ""100000000"", ""gap"", ""gap"""
"""Gash"", ""GASH"", ""https://chainz.cryptoid.info/gash/api.dws?key=72a06c093a4f&q=multiaddr&n=0&active="", ""final_balance"", ""100000000"", ""gash"", ""gash"""
"""Global Currency Reserve"", ""GCR"", ""https://chainz.cryptoid.info/gcr/api.dws?key=72a06c093a4f&q=multiaddr&n=0&active="", ""final_balance"", ""100000000"", ""gcr"", ""gcr"""
"""Genesis"", ""GENX"", ""https://chainz.cryptoid.info/genx/api.dws?key=72a06c093a4f&q=multiaddr&n=0&active="", ""final_balance"", ""100000000"", ""genx"", ""genx"""
"""GoldCoin"", ""GLD"", ""https://chainz.cryptoid.info/gld/api.dws?key=72a06c093a4f&q=multiaddr&n=0&active="", ""final_balance"", ""100000000"", ""gld"", ""gld"""
"""GreenCoin"", ""GRE"", ""https://chainz.cryptoid.info/gre/api.dws?key=72a06c093a4f&q=multiaddr&n=0&active="", ""final_balance"", ""100000000"", ""gre"", ""gre"""
"""Granite"", ""GRN"", ""https://chainz.cryptoid.info/grn/api.dws?key=72a06c093a4f&q=multiaddr&n=0&active="", ""final_balance"", ""100000000"", ""grn"", ""grn"""
"""Groestlcoin"", ""GRS"", ""https://chainz.cryptoid.info/grs/api.dws?key=72a06c093a4f&q=multiaddr&n=0&active="", ""final_balance"", ""100000000"", ""grs"", ""grs"""
"""Groestlcoin TestNet"", ""GRS-TEST"", ""https://chainz.cryptoid.info/grs-test/api.dws?key=72a06c093a4f&q=multiaddr&n=0&active="", ""final_balance"", ""100000000"", ""grs-test"", ""grs-test"""
"""Guncoin"", ""GUN"", ""https://chainz.cryptoid.info/gun/api.dws?key=72a06c093a4f&q=multiaddr&n=0&active="", ""final_balance"", ""100000000"", ""gun"", ""gun"""
"""GravityCoin"", ""GXX"", ""https://chainz.cryptoid.info/gxx/api.dws?key=72a06c093a4f&q=multiaddr&n=0&active="", ""final_balance"", ""100000000"", ""gxx"", ""gxx"""
"""HoboNickels"", ""HBN"", ""https://chainz.cryptoid.info/hbn/api.dws?key=72a06c093a4f&q=multiaddr&n=0&active="", ""final_balance"", ""100000000"", ""hbn"", ""hbn"""
"""HTMLCOIN"", ""HTML"", ""https://chainz.cryptoid.info/html/api.dws?key=72a06c093a4f&q=multiaddr&n=0&active="", ""final_balance"", ""100000000"", ""html"", ""html"""
"""I0Coin"", ""I0C"", ""https://chainz.cryptoid.info/i0c/api.dws?key=72a06c093a4f&q=multiaddr&n=0&active="", ""final_balance"", ""100000000"", ""i0c"", ""i0c"""
"""Ignition"", ""IC"", ""https://chainz.cryptoid.info/ic/api.dws?key=72a06c093a4f&q=multiaddr&n=0&active="", ""final_balance"", ""100000000"", ""ic"", ""ic"""
"""iCoin"", ""ICN"", ""https://chainz.cryptoid.info/icn/api.dws?key=72a06c093a4f&q=multiaddr&n=0&active="", ""final_balance"", ""100000000"", ""icn"", ""icn"""
"""InfiniteCoin"", ""IFC"", ""https://chainz.cryptoid.info/ifc/api.dws?key=72a06c093a4f&q=multiaddr&n=0&active="", ""final_balance"", ""100000000"", ""ifc"", ""ifc"""
"""Impact"", ""IMX"", ""https://chainz.cryptoid.info/imx/api.dws?key=72a06c093a4f&q=multiaddr&n=0&active="", ""final_balance"", ""100000000"", ""imx"", ""imx"""
"""Infocoin"", ""INFO"", ""https://chainz.cryptoid.info/info/api.dws?key=72a06c093a4f&q=multiaddr&n=0&active="", ""final_balance"", ""100000000"", ""info"", ""info"""
"""Influx"", ""INFX"", ""https://chainz.cryptoid.info/infx/api.dws?key=72a06c093a4f&q=multiaddr&n=0&active="", ""final_balance"", ""100000000"", ""infx"", ""infx"""
"""InsaneCoin"", ""INSN"", ""https://chainz.cryptoid.info/insn/api.dws?key=72a06c093a4f&q=multiaddr&n=0&active="", ""final_balance"", ""100000000"", ""insn"", ""insn"""
"""I/O Coin"", ""IOC"", ""https://chainz.cryptoid.info/ioc/api.dws?key=72a06c093a4f&q=multiaddr&n=0&active="", ""final_balance"", ""100000000"", ""ioc"", ""ioc"""
"""Ion"", ""ION"", ""https://chainz.cryptoid.info/ion/api.dws?key=72a06c093a4f&q=multiaddr&n=0&active="", ""final_balance"", ""100000000"", ""ion"", ""ion"""
"""iXcoin"", ""IXC"", ""https://chainz.cryptoid.info/ixc/api.dws?key=72a06c093a4f&q=multiaddr&n=0&active="", ""final_balance"", ""100000000"", ""ixc"", ""ixc"""
"""JoinCoin"", ""J"", ""https://chainz.cryptoid.info/j/api.dws?key=72a06c093a4f&q=multiaddr&n=0&active="", ""final_balance"", ""100000000"", ""j"", ""j"""
"""Kalkulus"", ""KLKS"", ""https://chainz.cryptoid.info/klks/api.dws?key=72a06c093a4f&q=multiaddr&n=0&active="", ""final_balance"", ""100000000"", ""klks"", ""klks"""
"""BetKings"", ""KNG"", ""https://chainz.cryptoid.info/kng/api.dws?key=72a06c093a4f&q=multiaddr&n=0&active="", ""final_balance"", ""100000000"", ""kng"", ""kng"""
"""Kobocoin"", ""KOBO"", ""https://chainz.cryptoid.info/kobo/api.dws?key=72a06c093a4f&q=multiaddr&n=0&active="", ""final_balance"", ""100000000"", ""kobo"", ""kobo"""
"""Kore"", ""KORE"", ""https://chainz.cryptoid.info/kore/api.dws?key=72a06c093a4f&q=multiaddr&n=0&active="", ""final_balance"", ""100000000"", ""kore"", ""kore"""
"""Koruna"", ""KORUNA"", ""https://chainz.cryptoid.info/koruna/api.dws?key=72a06c093a4f&q=multiaddr&n=0&active="", ""final_balance"", ""100000000"", ""koruna"", ""koruna"""
"""KushCoin"", ""KUSH"", ""https://chainz.cryptoid.info/kush/api.dws?key=72a06c093a4f&q=multiaddr&n=0&active="", ""final_balance"", ""100000000"", ""kush"", ""kush"""
"""Lanacoin"", ""LANA"", ""https://chainz.cryptoid.info/lana/api.dws?key=72a06c093a4f&q=multiaddr&n=0&active="", ""final_balance"", ""100000000"", ""lana"", ""lana"""
"""LetItRide"", ""LIR"", ""https://chainz.cryptoid.info/lir/api.dws?key=72a06c093a4f&q=multiaddr&n=0&active="", ""final_balance"", ""100000000"", ""lir"", ""lir"""
"""Lithium"", ""LIT"", ""https://chainz.cryptoid.info/lit/api.dws?key=72a06c093a4f&q=multiaddr&n=0&active="", ""final_balance"", ""100000000"", ""lit"", ""lit"""
"""JERUSALEM"", ""LOVE"", ""https://chainz.cryptoid.info/love/api.dws?key=72a06c093a4f&q=multiaddr&n=0&active="", ""final_balance"", ""100000000"", ""love"", ""love"""
"""Litecoin"", ""LTC"", ""https://chainz.cryptoid.info/ltc/api.dws?key=72a06c093a4f&q=multiaddr&n=0&active="", ""final_balance"", ""100000000"", ""ltc"", ""ltc"""
"""LUXCoin"", ""LUX"", ""https://chainz.cryptoid.info/lux/api.dws?key=72a06c093a4f&q=multiaddr&n=0&active="", ""final_balance"", ""100000000"", ""lux"", ""lux"""
"""Linx"", ""LINX"", ""https://chainz.cryptoid.info/linx/api.dws?key=72a06c093a4f&q=multiaddr&n=0&active="", ""final_balance"", ""100000000"", ""linx"", ""linx"""
"""lbxp"", ""LBXP"", ""https://chainz.cryptoid.info/lbxp/api.dws?key=72a06c093a4f&q=multiaddr&n=0&active="", ""final_balance"", ""100000000"", ""lbxp"", ""lbxp"""
"""Machinecoin"", ""MAC"", ""https://chainz.cryptoid.info/mac/api.dws?key=72a06c093a4f&q=multiaddr&n=0&active="", ""final_balance"", ""100000000"", ""mac"", ""mac"""
"""Manna"", ""MANNA"", ""https://chainz.cryptoid.info/manna/api.dws?key=72a06c093a4f&q=multiaddr&n=0&active="", ""final_balance"", ""100000000"", ""manna"", ""manna"""
"""TheresaMayCoin"", ""MAY"", ""https://chainz.cryptoid.info/may/api.dws?key=72a06c093a4f&q=multiaddr&n=0&active="", ""final_balance"", ""100000000"", ""may"", ""may"""
"""Megacoin"", ""MEC"", ""https://chainz.cryptoid.info/mec/api.dws?key=72a06c093a4f&q=multiaddr&n=0&active="", ""final_balance"", ""100000000"", ""mec"", ""mec"""
"""MMOCoin"", ""MMO"", ""https://chainz.cryptoid.info/mmo/api.dws?key=72a06c093a4f&q=multiaddr&n=0&active="", ""final_balance"", ""100000000"", ""mmo"", ""mmo"""
"""MindCoin"", ""MND"", ""https://chainz.cryptoid.info/mnd/api.dws?key=72a06c093a4f&q=multiaddr&n=0&active="", ""final_balance"", ""100000000"", ""mnd"", ""mnd"""
"""Mooncoin"", ""MOON"", ""https://chainz.cryptoid.info/moon/api.dws?key=72a06c093a4f&q=multiaddr&n=0&active="", ""final_balance"", ""100000000"", ""moon"", ""moon"""
"""Master Swiscoin"", ""MSCN"", ""https://chainz.cryptoid.info/mscn/api.dws?key=72a06c093a4f&q=multiaddr&n=0&active="", ""final_balance"", ""100000000"", ""mscn"", ""mscn"""
"""MustangCoin"", ""MST"", ""https://chainz.cryptoid.info/mst/api.dws?key=72a06c093a4f&q=multiaddr&n=0&active="", ""final_balance"", ""100000000"", ""mst"", ""mst"""
"""MonetaryUnit"", ""MUE"", ""https://chainz.cryptoid.info/mue/api.dws?key=72a06c093a4f&q=multiaddr&n=0&active="", ""final_balance"", ""100000000"", ""mue"", ""mue"""
"""MonetaryUnit OLD"", ""MUE-OLD"", ""https://chainz.cryptoid.info/mue-old/api.dws?key=72a06c093a4f&q=multiaddr&n=0&active="", ""final_balance"", ""100000000"", ""mue-old"", ""mue-old"""
"""NavCoin"", ""NAV"", ""https://chainz.cryptoid.info/nav/api.dws?key=72a06c093a4f&q=multiaddr&n=0&active="", ""final_balance"", ""100000000"", ""nav"", ""nav"""
"""Neoscoin"", ""NEOS"", ""https://chainz.cryptoid.info/neos/api.dws?key=72a06c093a4f&q=multiaddr&n=0&active="", ""final_balance"", ""100000000"", ""neos"", ""neos"""
"""NETKO"", ""NETKO"", ""https://chainz.cryptoid.info/netko/api.dws?key=72a06c093a4f&q=multiaddr&n=0&active="", ""final_balance"", ""100000000"", ""netko"", ""netko"""
"""Nevacoin"", ""NEVA"", ""https://chainz.cryptoid.info/neva/api.dws?key=72a06c093a4f&q=multiaddr&n=0&active="", ""final_balance"", ""100000000"", ""neva"", ""neva"""
"""NIX Core"", ""NIX"", ""https://chainz.cryptoid.info/nix/api.dws?key=72a06c093a4f&q=multiaddr&n=0&active="", ""final_balance"", ""100000000"", ""nix"", ""nix"""
"""Gulden"", ""NLG"", ""https://chainz.cryptoid.info/nlg/api.dws?key=72a06c093a4f&q=multiaddr&n=0&active="", ""final_balance"", ""100000000"", ""nlg"", ""nlg"""
"""Noblecoin"", ""NOBL"", ""https://chainz.cryptoid.info/nobl/api.dws?key=72a06c093a4f&q=multiaddr&n=0&active="", ""final_balance"", ""100000000"", ""nobl"", ""nobl"""
"""DNotes"", ""NOTE"", ""https://chainz.cryptoid.info/note/api.dws?key=72a06c093a4f&q=multiaddr&n=0&active="", ""final_balance"", ""100000000"", ""note"", ""note"""
"""NPCcoin"", ""NPC"", ""https://chainz.cryptoid.info/npc/api.dws?key=72a06c093a4f&q=multiaddr&n=0&active="", ""final_balance"", ""100000000"", ""npc"", ""npc"""
"""OC Protocol"", ""OCP"", ""https://chainz.cryptoid.info/ocp/api.dws?key=72a06c093a4f&q=multiaddr&n=0&active="", ""final_balance"", ""100000000"", ""ocp"", ""ocp"""
"""Cthulhu Offerings"", ""OFF"", ""https://chainz.cryptoid.info/off/api.dws?key=72a06c093a4f&q=multiaddr&n=0&active="", ""final_balance"", ""100000000"", ""off"", ""off"""
"""OKCash"", ""OK"", ""https://chainz.cryptoid.info/ok/api.dws?key=72a06c093a4f&q=multiaddr&n=0&active="", ""final_balance"", ""100000000"", ""ok"", ""ok"""
"""OpalCoin"", ""OPAL"", ""https://chainz.cryptoid.info/opal/api.dws?key=72a06c093a4f&q=multiaddr&n=0&active="", ""final_balance"", ""100000000"", ""opal"", ""opal"""
"""Ozziecoin"", ""OZC"", ""https://chainz.cryptoid.info/ozc/api.dws?key=72a06c093a4f&q=multiaddr&n=0&active="", ""final_balance"", ""100000000"", ""ozc"", ""ozc"""
"""PakCoin"", ""PAK"", ""https://chainz.cryptoid.info/pak/api.dws?key=72a06c093a4f&q=multiaddr&n=0&active="", ""final_balance"", ""100000000"", ""pak"", ""pak"""
"""Particl"", ""PART"", ""https://chainz.cryptoid.info/part/api.dws?key=72a06c093a4f&q=multiaddr&n=0&active="", ""final_balance"", ""100000000"", ""part"", ""part"""
"""PeepCoin"", ""PCN"", ""https://chainz.cryptoid.info/pcn/api.dws?key=72a06c093a4f&q=multiaddr&n=0&active="", ""final_balance"", ""100000000"", ""pcn"", ""pcn"""
"""Photon"", ""PHO"", ""https://chainz.cryptoid.info/pho/api.dws?key=72a06c093a4f&q=multiaddr&n=0&active="", ""final_balance"", ""100000000"", ""pho"", ""pho"""
"""Phore"", ""PHR"", ""https://chainz.cryptoid.info/phr/api.dws?key=72a06c093a4f&q=multiaddr&n=0&active="", ""final_balance"", ""100000000"", ""phr"", ""phr"""
"""Piggycoin"", ""PIGGY"", ""https://chainz.cryptoid.info/piggy/api.dws?key=72a06c093a4f&q=multiaddr&n=0&active="", ""final_balance"", ""100000000"", ""piggy"", ""piggy"""
"""PinkCoin"", ""PINK"", ""https://chainz.cryptoid.info/pink/api.dws?key=72a06c093a4f&q=multiaddr&n=0&active="", ""final_balance"", ""100000000"", ""pink"", ""pink"""
"""PIVX"", ""PIVX"", ""https://chainz.cryptoid.info/pivx/api.dws?key=72a06c093a4f&q=multiaddr&n=0&active="", ""final_balance"", ""100000000"", ""pivx"", ""pivx"""
"""PandaCoin"", ""PND"", ""https://chainz.cryptoid.info/pnd/api.dws?key=72a06c093a4f&q=multiaddr&n=0&active="", ""final_balance"", ""100000000"", ""pnd"", ""pnd"""
"""PotCoin"", ""POT"", ""https://chainz.cryptoid.info/pot/api.dws?key=72a06c093a4f&q=multiaddr&n=0&active="", ""final_balance"", ""100000000"", ""pot"", ""pot"""
"""PeerCoin"", ""PPC"", ""https://chainz.cryptoid.info/ppc/api.dws?key=72a06c093a4f&q=multiaddr&n=0&active="", ""final_balance"", ""100000000"", ""ppc"", ""ppc"""
"""PeerCoin TestNet"", ""PPC-TEST"", ""https://chainz.cryptoid.info/ppc-test/api.dws?key=72a06c093a4f&q=multiaddr&n=0&active="", ""final_balance"", ""100000000"", ""ppc-test"", ""ppc-test"""
"""Prototanium"", ""PR"", ""https://chainz.cryptoid.info/pr/api.dws?key=72a06c093a4f&q=multiaddr&n=0&active="", ""final_balance"", ""100000000"", ""pr"", ""pr"""
"""Printerium"", ""PRX"", ""https://chainz.cryptoid.info/prx/api.dws?key=72a06c093a4f&q=multiaddr&n=0&active="", ""final_balance"", ""100000000"", ""prx"", ""prx"""
"""Pesetacoin"", ""PTC"", ""https://chainz.cryptoid.info/ptc/api.dws?key=72a06c093a4f&q=multiaddr&n=0&active="", ""final_balance"", ""100000000"", ""ptc"", ""ptc"""
"""PURA"", ""PURA"", ""https://chainz.cryptoid.info/pura/api.dws?key=72a06c093a4f&q=multiaddr&n=0&active="", ""final_balance"", ""100000000"", ""pura"", ""pura"""
"""PutinCoin"", ""PUT"", ""https://chainz.cryptoid.info/put/api.dws?key=72a06c093a4f&q=multiaddr&n=0&active="", ""final_balance"", ""100000000"", ""put"", ""put"""
"""Quasar"", ""QAC"", ""https://chainz.cryptoid.info/qac/api.dws?key=72a06c093a4f&q=multiaddr&n=0&active="", ""final_balance"", ""100000000"", ""qac"", ""qac"""
"""Quark"", ""QRK"", ""https://chainz.cryptoid.info/qrk/api.dws?key=72a06c093a4f&q=multiaddr&n=0&active="", ""final_balance"", ""100000000"", ""qrk"", ""qrk"""
"""QubeNet"", ""QUB"", ""https://chainz.cryptoid.info/qub/api.dws?key=72a06c093a4f&q=multiaddr&n=0&active="", ""final_balance"", ""100000000"", ""qub"", ""qub"""
"""Radium"", ""RADS"", ""https://chainz.cryptoid.info/rads/api.dws?key=72a06c093a4f&q=multiaddr&n=0&active="", ""final_balance"", ""100000000"", ""rads"", ""rads"""
"""ReddByteCoin"", ""RBC"", ""https://chainz.cryptoid.info/rbc/api.dws?key=72a06c093a4f&q=multiaddr&n=0&active="", ""final_balance"", ""100000000"", ""rbc"", ""rbc"""
"""Rubycoin"", ""RBY"", ""https://chainz.cryptoid.info/rby/api.dws?key=72a06c093a4f&q=multiaddr&n=0&active="", ""final_balance"", ""100000000"", ""rby"", ""rby"""
"""Riecoin"", ""RIC"", ""https://chainz.cryptoid.info/ric/api.dws?key=72a06c093a4f&q=multiaddr&n=0&active="", ""final_balance"", ""100000000"", ""ric"", ""ric"""
"""Relay"", ""RLY"", ""https://chainz.cryptoid.info/rly/api.dws?key=72a06c093a4f&q=multiaddr&n=0&active="", ""final_balance"", ""100000000"", ""rly"", ""rly"""
"""RenosCoin"", ""RNS"", ""https://chainz.cryptoid.info/rns/api.dws?key=72a06c093a4f&q=multiaddr&n=0&active="", ""final_balance"", ""100000000"", ""rns"", ""rns"""
"""Scolcoin"", ""SCOL"", ""https://chainz.cryptoid.info/scol/api.dws?key=72a06c093a4f&q=multiaddr&n=0&active="", ""final_balance"", ""100000000"", ""scol"", ""scol"""
"""Shilling"", ""SH"", ""https://chainz.cryptoid.info/sh/api.dws?key=72a06c093a4f&q=multiaddr&n=0&active="", ""final_balance"", ""100000000"", ""sh"", ""sh"""
"""SHACoin"", ""SHA"", ""https://chainz.cryptoid.info/sha/api.dws?key=72a06c093a4f&q=multiaddr&n=0&active="", ""final_balance"", ""100000000"", ""sha"", ""sha"""
"""Skeincoin"", ""SKC"", ""https://chainz.cryptoid.info/skc/api.dws?key=72a06c093a4f&q=multiaddr&n=0&active="", ""final_balance"", ""100000000"", ""skc"", ""skc"""
"""Sterlingcoin"", ""SLG"", ""https://chainz.cryptoid.info/slg/api.dws?key=72a06c093a4f&q=multiaddr&n=0&active="", ""final_balance"", ""100000000"", ""slg"", ""slg"""
"""SolarCoin"", ""SLR"", ""https://chainz.cryptoid.info/slr/api.dws?key=72a06c093a4f&q=multiaddr&n=0&active="", ""final_balance"", ""100000000"", ""slr"", ""slr"""
"""SLATE"", ""SLX"", ""https://chainz.cryptoid.info/slx/api.dws?key=72a06c093a4f&q=multiaddr&n=0&active="", ""final_balance"", ""100000000"", ""slx"", ""slx"""
"""Smileycoin"", ""SMLY"", ""https://chainz.cryptoid.info/smly/api.dws?key=72a06c093a4f&q=multiaddr&n=0&active="", ""final_balance"", ""100000000"", ""smly"", ""smly"""
"""Synergy"", ""SNRG"", ""https://chainz.cryptoid.info/snrg/api.dws?key=72a06c093a4f&q=multiaddr&n=0&active="", ""final_balance"", ""100000000"", ""snrg"", ""snrg"""
"""Sphinxcoin Core"", ""SPHX"", ""https://chainz.cryptoid.info/sphx/api.dws?key=72a06c093a4f&q=multiaddr&n=0&active="", ""final_balance"", ""100000000"", ""sphx"", ""sphx"""
"""SpreadCoin"", ""SPR"", ""https://chainz.cryptoid.info/spr/api.dws?key=72a06c093a4f&q=multiaddr&n=0&active="", ""final_balance"", ""100000000"", ""spr"", ""spr"""
"""Sprouts"", ""SPRTS"", ""https://chainz.cryptoid.info/sprts/api.dws?key=72a06c093a4f&q=multiaddr&n=0&active="", ""final_balance"", ""100000000"", ""sprts"", ""sprts"""
"""SecureCoin"", ""SRC"", ""https://chainz.cryptoid.info/src/api.dws?key=72a06c093a4f&q=multiaddr&n=0&active="", ""final_balance"", ""100000000"", ""src"", ""src"""
"""Stakecoin"", ""STK"", ""https://chainz.cryptoid.info/stk/api.dws?key=72a06c093a4f&q=multiaddr&n=0&active="", ""final_balance"", ""100000000"", ""stk"", ""stk"""
"""Starr"", ""STR"", ""https://chainz.cryptoid.info/str/api.dws?key=72a06c093a4f&q=multiaddr&n=0&active="", ""final_balance"", ""100000000"", ""str"", ""str"""
"""Stratis"", ""STRAT"", ""https://chainz.cryptoid.info/strat/api.dws?key=72a06c093a4f&q=multiaddr&n=0&active="", ""final_balance"", ""100000000"", ""strat"", ""strat"""
"""Stratis TestNet"", ""STRAT-TEST"", ""https://chainz.cryptoid.info/strat-test/api.dws?key=72a06c093a4f&q=multiaddr&n=0&active="", ""final_balance"", ""100000000"", ""strat-test"", ""strat-test"""
"""SativaCoin"", ""STV"", ""https://chainz.cryptoid.info/stv/api.dws?key=72a06c093a4f&q=multiaddr&n=0&active="", ""final_balance"", ""100000000"", ""stv"", ""stv"""
"""SuperCoin"", ""SUPER"", ""https://chainz.cryptoid.info/super/api.dws?key=72a06c093a4f&q=multiaddr&n=0&active="", ""final_balance"", ""100000000"", ""super"", ""super"""
"""Sync"", ""SYNC"", ""https://chainz.cryptoid.info/sync/api.dws?key=72a06c093a4f&q=multiaddr&n=0&active="", ""final_balance"", ""100000000"", ""sync"", ""sync"""
"""Bitswift"", ""SWIFT"", ""https://chainz.cryptoid.info/swift/api.dws?key=72a06c093a4f&q=multiaddr&n=0&active="", ""final_balance"", ""100000000"", ""swift"", ""swift"""
"""Swing"", ""SWING"", ""https://chainz.cryptoid.info/swing/api.dws?key=72a06c093a4f&q=multiaddr&n=0&active="", ""final_balance"", ""100000000"", ""swing"", ""swing"""
"""SexCoin"", ""SXC"", ""https://chainz.cryptoid.info/sxc/api.dws?key=72a06c093a4f&q=multiaddr&n=0&active="", ""final_balance"", ""100000000"", ""sxc"", ""sxc"""
"""SysCoin 3"", ""SYS"", ""https://chainz.cryptoid.info/sys/api.dws?key=72a06c093a4f&q=multiaddr&n=0&active="", ""final_balance"", ""100000000"", ""sys"", ""sys"""
"""Shopzcoin"", ""SZC"", ""https://chainz.cryptoid.info/szc/api.dws?key=72a06c093a4f&q=multiaddr&n=0&active="", ""final_balance"", ""100000000"", ""szc"", ""szc"""
"""TajCoin"", ""TAJ"", ""https://chainz.cryptoid.info/taj/api.dws?key=72a06c093a4f&q=multiaddr&n=0&active="", ""final_balance"", ""100000000"", ""taj"", ""taj"""
"""BTCTalkCoin"", ""TALK"", ""https://chainz.cryptoid.info/talk/api.dws?key=72a06c093a4f&q=multiaddr&n=0&active="", ""final_balance"", ""100000000"", ""talk"", ""talk"""
"""Teslacoin"", ""TES"", ""https://chainz.cryptoid.info/tes/api.dws?key=72a06c093a4f&q=multiaddr&n=0&active="", ""final_balance"", ""100000000"", ""tes"", ""tes"""
"""ItitaniumCoin"", ""TIC"", ""https://chainz.cryptoid.info/tic/api.dws?key=72a06c093a4f&q=multiaddr&n=0&active="", ""final_balance"", ""100000000"", ""tic"", ""tic"""
"""ToaCoin"", ""TOA"", ""https://chainz.cryptoid.info/toa/api.dws?key=72a06c093a4f&q=multiaddr&n=0&active="", ""final_balance"", ""100000000"", ""toa"", ""toa"""
"""TalonPower"", ""TPWR"", ""https://chainz.cryptoid.info/tpwr/api.dws?key=72a06c093a4f&q=multiaddr&n=0&active="", ""final_balance"", ""100000000"", ""tpwr"", ""tpwr"""
"""Trollcoin"", ""TROLL"", ""https://chainz.cryptoid.info/troll/api.dws?key=72a06c093a4f&q=multiaddr&n=0&active="", ""final_balance"", ""100000000"", ""troll"", ""troll"""
"""TrumpCoin"", ""TRUMP"", ""https://chainz.cryptoid.info/trump/api.dws?key=72a06c093a4f&q=multiaddr&n=0&active="", ""final_balance"", ""100000000"", ""trump"", ""trump"""
"""TRUSTplus"", ""TRUST"", ""https://chainz.cryptoid.info/trust/api.dws?key=72a06c093a4f&q=multiaddr&n=0&active="", ""final_balance"", ""100000000"", ""trust"", ""trust"""
"""Transfercoin"", ""TX"", ""https://chainz.cryptoid.info/tx/api.dws?key=72a06c093a4f&q=multiaddr&n=0&active="", ""final_balance"", ""100000000"", ""tx"", ""tx"""
"""Trezarcoin"", ""TZC"", ""https://chainz.cryptoid.info/tzc/api.dws?key=72a06c093a4f&q=multiaddr&n=0&active="", ""final_balance"", ""100000000"", ""tzc"", ""tzc"""
"""UFO"", ""UFO"", ""https://chainz.cryptoid.info/ufo/api.dws?key=72a06c093a4f&q=multiaddr&n=0&active="", ""final_balance"", ""100000000"", ""ufo"", ""ufo"""
"""UniversalMolecule"", ""UMO"", ""https://chainz.cryptoid.info/umo/api.dws?key=72a06c093a4f&q=multiaddr&n=0&active="", ""final_balance"", ""100000000"", ""umo"", ""umo"""
"""Universe"", ""UNI"", ""https://chainz.cryptoid.info/uni/api.dws?key=72a06c093a4f&q=multiaddr&n=0&active="", ""final_balance"", ""100000000"", ""uni"", ""uni"""
"""Unobtanium"", ""UNO"", ""https://chainz.cryptoid.info/uno/api.dws?key=72a06c093a4f&q=multiaddr&n=0&active="", ""final_balance"", ""100000000"", ""uno"", ""uno"""
"""Ultimate Secure Cash"", ""USC"", ""https://chainz.cryptoid.info/usc/api.dws?key=72a06c093a4f&q=multiaddr&n=0&active="", ""final_balance"", ""100000000"", ""usc"", ""usc"""
"""Vade"", ""VADE"", ""https://chainz.cryptoid.info/vade/api.dws?key=72a06c093a4f&q=multiaddr&n=0&active="", ""final_balance"", ""100000000"", ""vade"", ""vade"""
"""VpnCoin"", ""VASH"", ""https://chainz.cryptoid.info/vash/api.dws?key=72a06c093a4f&q=multiaddr&n=0&active="", ""final_balance"", ""100000000"", ""vash"", ""vash"""
"""Vcoin"", ""VCN"", ""https://chainz.cryptoid.info/vcn/api.dws?key=72a06c093a4f&q=multiaddr&n=0&active="", ""final_balance"", ""100000000"", ""vcn"", ""vcn"""
"""vCredit"", ""VCX"", ""https://chainz.cryptoid.info/vcx/api.dws?key=72a06c093a4f&q=multiaddr&n=0&active="", ""final_balance"", ""100000000"", ""vcx"", ""vcx"""
"""LasVegasCoin"", ""VGS"", ""https://chainz.cryptoid.info/vgs/api.dws?key=72a06c093a4f&q=multiaddr&n=0&active="", ""final_balance"", ""100000000"", ""vgs"", ""vgs"""
"""Viacoin"", ""VIA"", ""https://chainz.cryptoid.info/via/api.dws?key=72a06c093a4f&q=multiaddr&n=0&active="", ""final_balance"", ""100000000"", ""via"", ""via"""
"""Vivo"", ""VIVO"", ""https://chainz.cryptoid.info/vivo/api.dws?key=72a06c093a4f&q=multiaddr&n=0&active="", ""final_balance"", ""100000000"", ""vivo"", ""vivo"""
"""Velox"", ""VLX"", ""https://chainz.cryptoid.info/vlx/api.dws?key=72a06c093a4f&q=multiaddr&n=0&active="", ""final_balance"", ""100000000"", ""vlx"", ""vlx"""
"""VeriCoin"", ""VRC"", ""https://chainz.cryptoid.info/vrc/api.dws?key=72a06c093a4f&q=multiaddr&n=0&active="", ""final_balance"", ""100000000"", ""vrc"", ""vrc"""
"""Verium"", ""VRM"", ""https://chainz.cryptoid.info/vrm/api.dws?key=72a06c093a4f&q=multiaddr&n=0&active="", ""final_balance"", ""100000000"", ""vrm"", ""vrm"""
"""Vertcoin"", ""VTC"", ""https://chainz.cryptoid.info/vtc/api.dws?key=72a06c093a4f&q=multiaddr&n=0&active="", ""final_balance"", ""100000000"", ""vtc"", ""vtc"""
"""Wincoin"", ""WC"", ""https://chainz.cryptoid.info/wc/api.dws?key=72a06c093a4f&q=multiaddr&n=0&active="", ""final_balance"", ""100000000"", ""wc"", ""wc"""
"""Wincoin 3 (OLD)"", ""WC3"", ""https://chainz.cryptoid.info/wc3/api.dws?key=72a06c093a4f&q=multiaddr&n=0&active="", ""final_balance"", ""100000000"", ""wc3"", ""wc3"""
"""Wexcoin"", ""WEX"", ""https://chainz.cryptoid.info/wex/api.dws?key=72a06c093a4f&q=multiaddr&n=0&active="", ""final_balance"", ""100000000"", ""wex"", ""wex"""
"""Wagerr"", ""WGR"", ""https://chainz.cryptoid.info/wgr/api.dws?key=72a06c093a4f&q=multiaddr&n=0&active="", ""final_balance"", ""100000000"", ""wgr"", ""wgr"""
"""WeAreSatoshi"", ""WSX"", ""https://chainz.cryptoid.info/wsx/api.dws?key=72a06c093a4f&q=multiaddr&n=0&active="", ""final_balance"", ""100000000"", ""wsx"", ""wsx"""
"""Xecoin"", ""X2C"", ""https://chainz.cryptoid.info/x2c/api.dws?key=72a06c093a4f&q=multiaddr&n=0&active="", ""final_balance"", ""100000000"", ""x2c"", ""x2c"""
"""BitcoinPlus"", ""XBC"", ""https://chainz.cryptoid.info/xbc/api.dws?key=72a06c093a4f&q=multiaddr&n=0&active="", ""final_balance"", ""100000000"", ""xbc"", ""xbc"""
"""XCurrency"", ""XC"", ""https://chainz.cryptoid.info/xc/api.dws?key=72a06c093a4f&q=multiaddr&n=0&active="", ""final_balance"", ""100000000"", ""xc"", ""xc"""
"""JouleCoin"", ""XJO"", ""https://chainz.cryptoid.info/xjo/api.dws?key=72a06c093a4f&q=multiaddr&n=0&active="", ""final_balance"", ""100000000"", ""xjo"", ""xjo"""
"""Solaris"", ""XLR"", ""https://chainz.cryptoid.info/xlr/api.dws?key=72a06c093a4f&q=multiaddr&n=0&active="", ""final_balance"", ""100000000"", ""xlr"", ""xlr"""
"""Magi"", ""XMG"", ""https://chainz.cryptoid.info/xmg/api.dws?key=72a06c093a4f&q=multiaddr&n=0&active="", ""final_balance"", ""100000000"", ""xmg"", ""xmg"""
"""Myriad"", ""XMY"", ""https://chainz.cryptoid.info/xmy/api.dws?key=72a06c093a4f&q=multiaddr&n=0&active="", ""final_balance"", ""100000000"", ""xmy"", ""xmy"""
"""Experience Points"", ""XP"", ""https://chainz.cryptoid.info/xp/api.dws?key=72a06c093a4f&q=multiaddr&n=0&active="", ""final_balance"", ""100000000"", ""xp"", ""xp"""
"""Paycoin"", ""XPY"", ""https://chainz.cryptoid.info/xpy/api.dws?key=72a06c093a4f&q=multiaddr&n=0&active="", ""final_balance"", ""100000000"", ""xpy"", ""xpy"""
"""Quotient"", ""XQN"", ""https://chainz.cryptoid.info/xqn/api.dws?key=72a06c093a4f&q=multiaddr&n=0&active="", ""final_balance"", ""100000000"", ""xqn"", ""xqn"""
"""Spectrecoin"", ""XSPEC"", ""https://chainz.cryptoid.info/xspec/api.dws?key=72a06c093a4f&q=multiaddr&n=0&active="", ""final_balance"", ""100000000"", ""xspec"", ""xspec"""
"""Stealth"", ""XST"", ""https://chainz.cryptoid.info/xst/api.dws?key=72a06c093a4f&q=multiaddr&n=0&active="", ""final_balance"", ""100000000"", ""xst"", ""xst"""
"""Safetradecoin"", ""XSTC"", ""https://chainz.cryptoid.info/xstc/api.dws?key=72a06c093a4f&q=multiaddr&n=0&active="", ""final_balance"", ""100000000"", ""xstc"", ""xstc"""
"""Tao"", ""XTO"", ""https://chainz.cryptoid.info/xto/api.dws?key=72a06c093a4f&q=multiaddr&n=0&active="", ""final_balance"", ""100000000"", ""xto"", ""xto"""
"""VirtacoinPlus"", ""XVP"", ""https://chainz.cryptoid.info/xvp/api.dws?key=72a06c093a4f&q=multiaddr&n=0&active="", ""final_balance"", ""100000000"", ""xvp"", ""xvp"""
"""ZCoin"", ""XZC"", ""https://chainz.cryptoid.info/xzc/api.dws?key=72a06c093a4f&q=multiaddr&n=0&active="", ""final_balance"", ""100000000"", ""xzc"", ""xzc"""
"""Yllirium"", ""YLL"", ""https://chainz.cryptoid.info/yll/api.dws?key=72a06c093a4f&q=multiaddr&n=0&active="", ""final_balance"", ""100000000"", ""yll"", ""yll"""
"""ZeitCoin"", ""ZEIT"", ""https://chainz.cryptoid.info/zeit/api.dws?key=72a06c093a4f&q=multiaddr&n=0&active="", ""final_balance"", ""100000000"", ""zeit"", ""zeit"""
"""Zetacoin"", ""ZET"", ""https://chainz.cryptoid.info/zet/api.dws?key=72a06c093a4f&q=multiaddr&n=0&active="", ""final_balance"", ""100000000"", ""zet"", ""zet"""
"""Zoin"", ""ZOI"", ""https://chainz.cryptoid.info/zoi/api.dws?key=72a06c093a4f&q=multiaddr&n=0&active="", ""final_balance"", ""100000000"", ""zoi"", ""zoi"""
